Tckr,h
BRK.A,422500.0
NVR,5062.4
AMZN,3486.806
GOOG,2894.55
GOOGL,2867.26
BKNG,2343.56
CABO,1993.0
CMG,1875.56
MELI,1875.0
MTD,1580.2
AVGOP,1579.81
AZO,1565.96
SHOP,1491.44
TPL,1254.55
MKL,1254.3
WTM,1084.23
ISRG,1046.87
BLK,916.875
ASML,895.93
FCNCA,865.87
EQIX,852.57
BIO.B,814.34
BH.A,813.6
BIO,811.665
CHTR,801.36
ATRI,760.0
TSLA,754.47
ALGN,724.64
RH,706.9
HUBS,687.515
IDXX,669.54
UHAL,666.99
MSCI,656.335
MSTR,651.0138
REGN,650.42
ADBE,649.58
NOW,648.535
Y,636.99
EPAM,633.5747
CACC,615.135
TDG,615.08
LRCX,611.3958
SIVB,607.18
GHC,595.73
ORLY,591.61
NFLX,587.28
ZBRA,582.91
INTU,571.2025
TMO,566.14
DXCM,549.72
SAM,548.86
TECH,516.31
DPZ,511.95
MDB,506.48
AVGO,505.42
MPWR,497.13
PANW,495.92
POOL,484.43
CHE,481.8
SOXX,476.56
ROP,472.53
TYL,471.73
PAYC,469.08
COST,462.2
ILMN,455.89
SPGI,455.15
WST,454.69
FICO,445.98
COO,444.57
MRNA,443.76
GNRC,441.8
CRL,441.425
DECK,438.5671
MKTX,438.05
TDY,434.67
LULU,427.69
UNH,417.59
GS,417.01
GWW,415.44
WAT,412.02
HUM,411.43
CTAS,409.1
COKE,394.91
TEAM,393.189
TFX,389.86
FDS,388.58
MCO,382.26
QQQ,378.61
FB,378.59
MNDY,376.41
ULTA,374.58
ANSS,372.41
ANTM,371.09
BGNE,370.99
MLM,367.86
KLAC,364.79
DE,362.53
ANET,360.8
SBAC,359.84
ABMD,355.84
NOC,355.82
MA,349.875
LMT,348.3
URI,346.02
BNTX,345.92
TWLO,343.8
ACN,343.26
CVNA,338.585
HD,337.4899
SE,334.91
SNPS,334.07
EL,334.0071
NEU,332.17
DJCO,330.0
HIFS,329.97
ROKU,329.5299
ARGX,329.2
LAD,328.76
STMP,328.55
DHR,326.94
ESS,326.16
SNOW,325.25
GLOB,325.02
LII,322.025
VRTS,322.0
PSA,320.29
ROK,317.99
LIN,315.78
UI,314.47
IT,314.315
MLAB,306.69
FTNT,305.68
SHW,302.51
BIIB,301.98
MSFT,301.39
VEEV,300.75
LH,300.46
MTN,299.78
NICE,298.28
PODD,298.0
AMT,297.79
RGEN,296.63
RMD,293.79
AON,293.51
ZM,291.88
PH,291.7
BURL,291.25
BILL,291.19
ODFL,291.1
PEN,289.14
PYPL,283.17
ADSK,282.93
KSU,282.29
UPST,282.25
WSO,281.24
BRK.B,280.78
SEDG,279.5
MORN,279.32
EFX,278.35
SYK,277.67
SMH,276.46
ZS,276.0
WSO.B,275.18
DOCU,272.9426
MASI,272.94
W,272.745
SBNY,272.54
WDAY,271.7383
AMP,271.33
APD,270.98
LFUS,268.5
PCTY,267.15
ICLR,265.93
MOH,264.37
FDX,262.96
FLT,261.66
BDX,261.27
IQV,259.65
HSKA,259.07
CRWD,259.0528
HCA,258.97
CACI,258.88
RE,258.74
ALX,258.505
IIVIP,257.28
KWR,255.82
CRM,255.11
COHR,254.4
OKTA,254.36
SQ,253.42
CVCO,252.235
PNQI,251.77
COIN,248.7899
VMI,248.09
COUP,247.8
SPOT,246.35
NSC,246.0
SAIA,244.98
INSP,244.93
TGT,244.41
NDSN,243.2125
ICUI,242.81
NVAX,242.5
MCD,242.25
MSI,242.13
ESGR,242.01
JLL,241.99
LLY,239.7939
HELE,238.535
WLTW,237.56
CMI,236.97
ALB,235.0
MED,233.77
IIPR,233.0
SITM,231.41
WDFC,231.25
LHX,229.83
ECL,226.0
V,225.81
AVB,225.61
BLD,225.43
UNF,224.87
HON,224.12
NVDA,224.1
RNG,223.9
AVY,223.7
RACE,223.21
SWAV,222.99
VRSN,222.83
ROLL,221.58
ITW,220.46
CHDN,220.12
WHR,220.01
VTWG,219.8044
SNA,219.74
IEX,218.22
DG,218.18
KAI,218.04
AMGN,217.92
ETSY,217.85
WIX,217.7639
TROW,217.19
STE,216.36
NXPI,216.3236
BA,216.11
STZ,215.915
STZ.B,215.84
BBH,214.395
DASH,211.7
UTHR,210.82
CI,210.79
VONE,208.93
UNP,207.5
LOW,207.405
MCK,206.9896
NWLI,206.96
VRSK,206.675
ZTS,206.5
VTHR,206.375
CAT,206.1
TSCO,205.9
WINA,204.894
WRLD,204.8
GME,204.62
SITE,204.54
FFIV,203.59
DDS,202.94
FRC,202.355
SUI,202.11
ARE,201.56
HII,201.56
ADP,201.48
AAP,201.24
OLED,201.235
GD,200.43
CSL,199.26
CDW,198.7
CASY,198.13
NDAQ,196.57
ROG,196.39
TXN,196.34
PNC,196.06
UPS,195.88
DEO,195.34
GTLS,194.63
ALGT,194.46
FVRR,193.69
MHK,193.23
HUBB,192.81
MAA,192.295
ANAT,191.9
VRTX,191.75
CME,191.57
CCI,190.82
ALNY,189.87
TT,189.86
CFXA,189.12
SAFM,188.46
MEDP,188.065
SWK,187.58
FIVE,187.15
PSCH,187.0
AVLR,186.94
EXR,186.815
MMM,186.0
ITIC,185.835
PKI,185.83
SYNA,185.76
FSV,185.64
LBRDK,185.42
AWK,185.16
DIS,185.13
PRFZ,185.01
CB,184.84
LBRDA,183.785
ASR,183.66
QRVO,183.55
WING,182.45
SWKS,182.24
MSGS,182.22
RTH,180.9
TM,180.88
DHIL,179.585
AXON,179.39
WSM,179.37
KEYS,179.155
ERIE,178.88
AMED,178.255
VMC,177.89
MIDD,177.31
WEX,176.5
WTS,176.2777
EGP,176.17
HSY,175.95
LHCG,175.91
ABG,174.88
IPGP,174.82
AYI,174.29
ADI,174.1
A,173.98
CNXC,173.61
CRVL,173.16
MODV,173.05
JBHT,172.93
CLX,172.44
IBB,172.4
FIVN,172.2
GRMN,172.11
DOV,171.78
LANC,171.285
PTH,171.22
BR,170.62
MRTX,169.285
JKHY,169.12
AIZ,168.06
QTEC,167.86
GPI,167.51
TXG,166.8606
KNSL,166.74
JNJ,166.54
DUOL,166.46
CDNS,166.055
AXP,165.83
MANH,165.675
GPN,165.22
ABNB,164.7
BH,164.4
BIDU,163.95
BABA,163.069
ESTC,162.54
ENPH,162.44
MTCH,162.4299
MCHP,162.33
NTLA,162.3084
LSTR,162.09
AMG,161.68
CYBR,161.41
JPM,161.34
EVBG,160.85
COF,160.17
JJSF,159.91
MMC,159.76
OMCL,159.75
LEA,159.52
ASND,159.51
NKE,159.39
TRV,159.32
PTF,159.03
LNN,158.98
XLNX,158.48
ETN,158.47
PSB,158.24
CROX,157.8
PXD,157.755
VAC,157.75
TREE,157.47
PEP,156.67
WM,156.12
DGX,155.88
QQQM,155.57
CE,154.955
DLR,154.75
LGIH,154.715
MSA,154.51
TTWO,153.54
SGEN,153.51
PPG,153.27
NOVT,153.09
SMG,153.03
SPLK,152.82
RBC,152.71
MKSI,152.43
FOXF,152.02
GSHD,151.885
CPT,151.885
TLT,151.57
WK,151.4
HRC,151.39
UHS,151.17
PKG,151.16
AAPL,151.07
DRI,151.04
APTV,150.97
EXPE,150.78
MUSA,150.5
ZBH,150.1
PRI,149.9799
TTEK,149.85
COR,149.63
ESLT,149.54
EXP,149.21
RS,149.14
JBT,149.07
AMBA,148.57
TQQQ,147.86
IFF,147.66
NXST,147.26
ALG,147.24
TEL,147.24
QDEL,147.03
KRNT,146.98
FERG,146.95
RNR,146.54
SABRP,146.49
PG,146.36
SLAB,146.31
OFLX,146.13
BFAM,145.97
EA,145.935
WMT,145.88
LPLA,145.76
SAP,145.54
PSCT,145.4069
AJG,145.28
CPRT,144.81
QCOM,144.81
FNV,144.0
SPSC,142.72
VMW,142.71
MAR,142.69
VTWV,142.56
ALLE,142.515
STAA,142.36
AMAT,141.8
BCPC,140.68
EVR,140.35
KMB,139.2
BHVN,138.78
CBRL,138.75
CTLT,138.63
DDOG,138.5705
IBM,138.57
DAVA,138.29
ZLAB,138.26
TDOC,138.2122
MTB,138.12
RJF,137.84
FRPT,137.65
PIPR,137.23
JCOM,137.125
USLM,137.0
THG,136.35
JAZZ,135.9
KMX,135.81
J,135.525
FCN,135.31
SRE,135.11
LGND,135.0187
U,135.0
LECO,134.89
IAC,134.78
ALL,134.15
CIGI,134.07
XLRN,133.75
PLD,133.67
IJT,133.63
XYL,133.5
PEGA,133.23
AFG,132.97
DKS,132.8
LCII,132.66
INMD,132.4102
BX,132.33
HLT,132.11
SPG,131.99
AME,131.98
NVCR,131.8851
WCN,131.46
IEI,131.39
TMUS,131.24
MDT,131.21
CCMP,131.19
AGCO,131.0
EEFT,130.0
EXPD,129.99
SPT,129.71
YUM,129.57
FND,129.54
GH,129.13
PZZA,129.09
HRI,128.96
NET,128.92
CSWI,128.4
ENTG,128.22
VICR,128.0
ABT,127.99
CPK,127.52
AZPN,127.22
HEI,126.66
ATR,126.42
RSG,125.96
CNMD,125.8
FIS,125.45
DVA,125.18
PTC,125.07
APPF,124.88
NVRO,124.83
INFO,124.63
ABC,124.47
WWD,124.3
DFS,124.28
EXLS,124.11
NTRA,124.08
TNDM,123.98
LSI,123.7
TSM,123.63
SJM,123.34
TER,123.229
FAD,123.09
PII,122.68
RPD,122.52
CRMT,122.52
IBP,122.35
GWRE,122.17
LSPD,121.85
TRU,121.75
FRT,121.49
CHH,121.38
EW,121.335
BL,120.61
KALU,120.58
CRSP,120.5
QLYS,120.275
GPC,120.09
SBUX,119.86
TRI,119.82
KRTX,119.62
TWST,119.6
MAN,119.48
ICE,119.33
SNX,119.03
PRFT,118.92
EME,118.86
DTE,118.69
CINF,118.66
CHKP,118.51
DVY,118.27
PAC,118.04
IEF,117.52
CNI,117.27
FTC,116.9492
PWR,116.67
CM,116.62
QQEW,116.28
ZEN,115.91
EXPO,115.8993
CW,115.75
RGA,115.7
THO,115.66
WMS,115.62
SCL,115.04
ETR,115.015
ARW,114.98
CNBKA,114.88
AFRM,114.74
WCC,114.62
ROST,114.54
NTRS,114.45
AMN,114.32
USPH,114.23
RL,114.23
DOOR,114.165
HEI.A,113.99
PTON,113.8844
BYND,113.54
EMB,113.44
TFII,113.22
ASGN,112.98
BBY,112.54
AKAM,112.36
CFR,112.35
TREX,112.255
WD,112.0
SSTK,111.96
SONY,111.88
JOUT,111.78
LAMR,111.77
SI,111.75
PVH,111.69
SWT,111.51
RETA,111.5
BXP,111.43
SSD,111.36
MSEX,111.06
RGLD,110.9559
PAYX,110.68
HCI,110.58
CDAY,110.49
SHV,110.48
FISV,110.32
CTXS,110.0
EMN,109.99
PSCD,109.91
SKYY,109.9
POWI,109.781
PLUS,109.756
VCLT,109.74
NUE,109.67
ALLK,109.48
BAND,109.18
QRTEP,108.98
MBB,108.7199
OSK,108.34
POST,108.19
ABBV,108.07
IUSG,108.0254
FN,107.69
HZNP,107.47
AN,107.36
JYNT,107.285
FSLR,107.27
NSP,107.1
AMD,106.82
BAP,106.74
NVMI,106.55
CCK,106.51
ASAN,106.49
TTC,106.22
PRU,106.17
MTH,105.99
CRNC,105.965
MYRG,105.95
RYAAY,105.84
HOV,105.78
ACMR,105.59
BIB,105.59
MS,105.4
IDA,105.28
RLI,105.11
GRVY,105.08
BEAM,104.98
GE,104.55
ACWI,104.35
COLM,104.24
CZR,104.13
NIMC,103.99
PDD,103.6
DUK,103.5099
RHI,103.43
DOCS,103.3399
FUTU,103.15
APPN,103.0
UGIC,103.0
PM,102.9958
BMI,102.99
ESGU,102.9307
RY,102.63
PRN,102.61
BMO,102.41
CSR,101.92
CRI,101.77
BPMC,101.25
WAL,101.18
NVO,101.1
TTEC,101.06
VC,101.02
FNX,100.92
CLH,100.92
YETI,100.82
JACK,100.81
NVEE,100.77
LEN,100.72
RARE,100.65
EXAS,100.4699
AESC,100.41
FORTY,100.39
AWI,100.35
LOGI,100.34
IX,100.27
DCUE,100.1
EMR,99.79
AGM,99.11
SDG,99.108
FMC,99.1
PSCC,99.0
DELL,98.9
CVX,98.74
GRID,98.51
BC,98.47
LDOS,98.39
CBRE,98.39
PCGU,97.83
HAS,97.81
NBIX,97.63
FBHS,97.55
SYNH,97.475
KOD,97.4
ADS,97.13
DOOO,96.97
DIOD,96.9236
CR,96.49
OC,96.44
ARVN,96.2225
MNST,96.2
SNBR,95.98
LYB,95.79
VCIT,95.78
USNA,95.75
DLB,95.65
NSIT,95.53
WYNN,95.5
ZG,95.24
CDLX,95.09
Z,95.01
OAS,94.985
DORM,94.98
SPB,94.9207
OSIS,94.9
MGLN,94.85
AMEH,94.82
PNFP,94.64
ITGR,94.48
WEC,94.39
BLL,94.3
PGR,94.23
BRKS,94.1
GL,93.58
TNET,93.4985
ASH,93.38
SXI,93.37
CELH,93.25
PDP,93.14
VTC,93.09
PKW,92.96
ATO,92.76
TXRH,92.71
PLXS,92.71
NTAP,92.68
TRMB,92.67
VIGI,92.19
AGM.A,92.02
UTMD,92.0
VGLT,91.83
FYX,91.79
SXT,91.66
PSCI,91.5696
PSL,91.52
AVAV,91.5
CRAI,91.402
OXM,91.36
ITT,91.265
ICFI,91.23
MTZ,90.98
WAB,90.89
OTIS,90.83
CAR,90.76
PAG,90.73
UMBF,90.7
GIB,90.44
CHRW,90.43
VTWO,90.34
PCOR,90.3199
CSGP,90.24
HLI,90.12
PEZ,90.0026
ATKR,90.0
HHC,89.95
FLGT,89.9
DHI,89.85
IOSP,89.73
LYV,89.69
PLMR,89.6117
CREE,89.59
DLTR,89.54
CGNX,89.48
AWR,89.37
GATX,89.1
AEP,88.93
ES,88.88
AAXJ,88.88
STT,88.85
WELL,88.83
FEX,88.77
FCFS,88.74
ALV,88.65
PYZ,88.55
CMPR,88.51
SAIC,88.49
WOOD,88.48
LOPE,88.45
VRTV,88.36
CRTX,88.34
QQXT,88.3201
HLNE,88.23
NBR,88.15
EEMA,88.14
ADUS,88.102
TW,88.04
CRUS,88.0
WLK,87.91
FMX,87.91
DWAS,87.9
LITE,87.7999
INGR,87.58
AEIS,87.56
QADA,87.4
QADB,87.35
CNS,87.1
AIT,86.97
ORCL,86.95
AEE,86.91
TRUP,86.895
NTES,86.69
BND,86.68
ALC,86.65
HLIO,86.6
TTGT,86.42
BRKR,86.405
BOOT,86.3951
SHY,86.25
NVS,85.86
MKC,85.47
BOKF,85.43
MKC.V,85.3
WIRE,85.27
MATX,85.225
NEE,85.19
RBLX,85.13
CVS,85.07
STX,84.98
XPO,84.97
DSGX,84.94
RCL,84.92
SHAK,84.9
FWRD,84.9
PCAR,84.85
QTWO,84.83
MMS,84.82
FSFG,84.66
DCBO,84.64
ARCH,84.62
DAC,84.35
GFLU,84.32
ELS,84.28
LIVN,84.11
CATC,84.019
RTX,83.84
CHD,83.78
IRBT,83.7
NPO,83.65
XPEL,83.55
GXO,83.4
JBSS,83.15
MSGE,82.84
PSMT,82.8201
RHP,82.815
VCSH,82.68
EQR,82.59
BAH,82.53
LEN.B,82.5
FELE,82.495
AIA,82.44
ESGD,82.41
TBK,82.34
SRPT,82.32
ESE,82.24
YNDX,82.2
NPK,82.18
SAFE,82.14
ISHG,82.025
WNS,81.97
THRM,81.81
BAX,81.785
REX,81.5746
ENSG,81.48
GMED,81.44
PATK,81.36
MANT,81.36
NARI,81.34
MSM,81.075
ITRI,81.06
ALRM,80.95
MDGL,80.92
BNDW,80.8618
TPTX,80.695
SIGI,80.66
DIN,80.52
VWOB,80.51
JD,80.5
NNI,80.47
NEP,80.42
BILI,80.35
ENS,80.22
R,80.03
ONTO,79.99
RPM,79.95
MGEE,79.94
MGA,79.91
NXTG,79.8382
AIN,79.79
FOUR,79.5
PLNT,79.475
HOLX,79.41
ALXO,79.335
SAFT,79.3
ARES,79.24
PLCE,79.1596
HIBB,79.13
KBWP,79.1
WFG,79.1
SCZ,79.06
SUSL,78.99
HSIC,78.96
MOG.A,78.96
FANG,78.94
ATVI,78.89
CPA,78.89
CVLT,78.89
BOH,78.82
FTCS,78.73
RFEU,78.7299
BMRN,78.69
PKX,78.68
BG,78.44
ENV,78.03
DOX,78.0
MOG.B,77.86
PRTA,77.68
DOCN,77.625
CL,77.5926
FLOW,77.58
PENN,77.55
EHC,77.54
ATRC,77.455
CWST,77.43
NEWR,77.38
MTCN,77.38
SIG,77.35
CHGG,77.33
XEC,77.3
SYY,77.26
CONE,77.26
D,77.02
APP,76.9
CTSH,76.88
CSTL,76.86
SMTC,76.85
TSN,76.74
GGG,76.73
WPC,76.69
EMCB,76.65
PJT,76.64
DOMO,76.61
MCB,76.37
AAWW,76.33
SIMO,76.2046
PNR,76.201
APH,76.2
ALTR,76.15
HDB,75.94
DAR,75.9
BBSI,75.805
GDDY,75.75
PNW,75.68
BCO,75.56
TNC,75.56
WTFC,75.5
NCNO,75.49
SGMS,75.45
JCI,75.43
FTV,75.38
NGVT,75.36
RFDI,75.3
H,75.2
FNY,75.1
BKI,75.0
CERN,74.97
ED,74.87
CTRN,74.8299
TCX,74.7
RGR,74.646
LMND,74.5985
MTX,74.51
IXUS,74.44
BPOP,74.44
THC,74.4
VONG,74.36
CHCO,74.33
KFY,74.32
PPH,74.31
STRA,74.23
CHWY,74.15
MU,74.12
AXNX,74.07
CMA,74.01
ZNTL,73.98
RIO,73.93
CFA,73.81
CFO,73.81
KLIC,73.77
IEUS,73.7
EWBC,73.65
GPOR,73.56
NCBS,73.48
CCOI,73.4
SWTX,73.37
GRP.U,73.3
ESTA,73.19
IUSV,73.16
MRK,73.14
INCY,73.14
WH,73.03
EBAY,73.02
OMC,73.01
SFBS,72.995
SNAP,72.79
AYX,72.76
TTD,72.73
WRB,72.56
PRLB,72.5236
MMSI,72.5
JOBS,72.48
IGMS,72.45
SSNC,72.41
FYC,72.38
DY,72.27
FIX,72.26
SCHW,72.19
CHNGU,72.19
TKR,72.17
SMAR,72.0785
HES,72.07
DMXF,72.0285
WGO,71.98
ADC,71.91
MTRN,71.83
DEN,71.8143
VFC,71.79
GLBE,71.75
OSTK,71.7
ORA,71.62
UFPI,71.49
INDB,71.47
RFEM,71.45
C,71.38
BF.B,71.38
TXT,71.33
DT,71.23
GILD,71.07
FTXL,70.9999
EOG,70.95
VONV,70.92
DD,70.87
IPAR,70.81
AMRC,70.7973
FAB,70.735
PHR,70.73
MCHI,70.72
IART,70.61
ATH,70.43
FSZ,70.4107
ROCK,70.4
HIG,70.39
IMAB,70.37
SRCL,70.34
IDCC,70.3
OLLI,70.2244
KIDS,70.18
MBUU,70.1
PNRG,70.0
AOS,70.0
BSY,69.9865
GRA,69.96
SWX,69.74
TJX,69.72
ARCB,69.65
MIME,69.62
MGRC,69.35
CP,69.05
VRNS,68.95
O,68.93
VYMI,68.89
BLKB,68.88
PLPC,68.87
NVEC,68.79
ZI,68.78
FAF,68.745
SLG,68.71
HAE,68.6699
ESPO,68.57
JSML,68.48
HUBG,68.47
OGS,68.44
FPXI,68.3999
LPI,68.37
BFC,68.36
VGIT,68.33
CCS,68.3
CDNA,68.275
CBSH,68.22
CBU,68.18
CMP,68.15
REG,68.14
BKH,68.1
RICK,68.09
FARO,68.05
PSX,68.04
SF,68.0
TARO,67.81
WPP,67.8
ALTM,67.73
IBTX,67.72
JSMD,67.7029
XMTR,67.54
RDY,67.43
AADR,67.37
LOVE,67.31
SSB,67.31
RVLV,67.3
KMPR,67.23
CYRX,67.19
VLO,67.17
LNC,67.15
AMWD,67.15
SJW,67.12
FATE,67.105
XEL,67.065
MORF,67.0
NGG,67.0
EVRG,67.0
OPRX,66.95
PSCU,66.83
PB,66.76
VXUS,66.68
SO,66.64
TRNO,66.53
FTA,66.51
INDT,66.5
LPSN,66.5
CFLT,66.49
BF.A,66.45
SNEX,66.4
QCLN,66.3859
PFG,66.33
IMKTA,66.3
KBWB,66.28
CDC,66.17
UFPT,66.13
GEF,65.99
ACM,65.94
AAON,65.8025
PLAN,65.77
LSCC,65.76
FUL,65.68
ACHC,65.67
XT,65.63
KRC,65.61
PFSI,65.59
KYMR,65.55
LKFN,65.4
CVAC,65.39
QSR,65.37
TD,65.25
SKY,65.25
DLO,65.24
ARWR,65.15
FDT,64.84
NATH,64.803
IHG,64.72
HQY,64.7
IRTC,64.7
APPS,64.69
IMCV,64.69
BBWI,64.66
VIACP,64.65
VERV,64.52
VOYA,64.49
SOCL,64.4785
MTSI,64.4
ALE,64.39
BERY,64.38
RBA,64.27
MCRI,64.26
STLD,64.22
MGPI,64.195
GEF.B,64.12
TRNS,64.09
KKR,64.07
SR,64.04
PSCM,64.03
EDIT,64.03
CSA,63.98
RXN,63.89
K,63.81
ENZL,63.74
GENY,63.73
JBL,63.6
CMS,63.52
LDEM,63.48
CHK,63.325
RM,63.1544
BMY,63.085
MRVL,63.03
YY,63.0
SON,62.99
SDGR,62.92
EMXC,62.92
PEG,62.9
S,62.8872
CNC,62.82
NTR,62.76
NXRT,62.73
XRAY,62.71
BIPC,62.64
MC,62.57
MHO,62.54
IBKR,62.41
APO,62.3762
NWE,62.35
MET,62.2483
BNS,62.23
SCI,62.22
IIVI,62.21
DQ,62.19
LDL,62.05
GDS,61.99
LPX,61.93
TASK,61.93
CCZ,61.9254
RILY,61.83
YUMC,61.79
TOL,61.78
PFBC,61.77
ADM,61.66
LW,61.59
SLMBP,61.586
DGRW,61.54
CWT,61.53
SCCO,61.53
FRHC,61.51
UAN,61.5
VGSH,61.5
STC,61.36
DKNG,61.33
DOW,61.3
USIG,61.2907
PAR,61.0
DCI,60.98
MDLZ,60.98
IGIB,60.95
BHP,60.9
NUVA,60.88
CMCSA,60.845
REXR,60.83
TAP.A,60.82
TWTR,60.7
RCII,60.63
BAMR,60.58
WCLD,60.49
GCO,60.46
KFRC,60.41
VSCO,60.4
CSF,60.33
AMRK,60.3
SEIC,60.2
FTSM,59.95
PGNY,59.84
MAS,59.825
CARZ,59.77
LNT,59.66
LAW,59.6599
EYE,59.65
ARNA,59.64
WTRU,59.57
MPC,59.34
CCEP,59.32
VNQI,59.28
EIX,59.26
GIS,59.23
NHI,59.19
ONEQ,59.0
ATEX,59.0
LRGE,58.986
UHT,58.98
TDIV,58.95
ZION,58.94
SEE,58.93
IP,58.76
BYD,58.75
WDC,58.7
MEG,58.5
CSCO,58.47
ST,58.46
CSB,58.46
FGM,58.4562
MCY,58.39
ZIM,58.3881
KRYS,58.37
TCBI,58.345
COP,58.29
BUD,58.29
HXL,58.286
BJ,58.25
PHO,58.25
VTR,58.18
SILK,58.13
CDL,58.1
ACWX,58.06
LMAT,58.035
SPXC,58.005
ENTA,58.0
AIMC,57.955
EBS,57.9
RAVN,57.89
NSA,57.83
BDC,57.755
KOF,57.7
RNDM,57.6998
BRO,57.669
BBL,57.63
NSTG,57.63
NEM,57.62
BNDX,57.605
JW.A,57.6
BIP,57.57
PLL,57.48
SRDX,57.43
FMB,57.318
CSOD,57.29
GLPG,57.28
KBWR,57.27
ASTE,57.16
BIGC,57.15
ALK,57.13
BWXT,57.1
PSCF,57.0418
BTEC,56.9999
USB,56.96
OTTR,56.8147
TNL,56.77
ROBT,56.77
OMF,56.695
AEM,56.59
PATH,56.525
TFC,56.51
AMSF,56.49
AZN,56.48
FMHI,56.47
PSET,56.45
JW.B,56.43
PAGS,56.35
SQM,56.33
LOB,56.09
BDXB,56.08
MNRO,56.08
HASI,56.06
CATH,56.05
FJP,56.0493
CARR,56.035
BAM,56.01
FRPH,55.98
KO,55.98
CAI,55.97
BCC,55.93
HY,55.84
UL,55.82
XOM,55.77
WMK,55.75
PCRX,55.68
BANF,55.67
CXSE,55.63
PINS,55.59
AFL,55.52
BGRN,55.4999
INTC,55.44
AIG,55.39
ARCT,55.34
CLDX,55.31
NUAN,55.31
HCAT,55.23
FCAL,55.19
SEAS,55.16
EGBN,55.1
UFS,55.03
AER,54.99
IGSB,54.81
VZ,54.77
KTB,54.72
BMBL,54.57
WWE,54.57
CTO,54.48
EGLE,54.46
WOR,54.44
FR,54.41
SYBT,54.4
CIEN,54.385
VIR,54.38
WLL,54.35
BST,54.33
IR,54.32
SKOR,54.3
HHR,54.265
CPRI,54.265
FIXD,54.25
L,54.23
PI,54.15
WABC,54.15
QGEN,54.145
EGRX,54.07
BXC,54.0
VCEL,53.99
IUSB,53.95
PFI,53.9227
OKE,53.89
FAST,53.815
MXL,53.81
UDR,53.78
FDBC,53.77
OSH,53.71
AMR,53.65
ALLY,53.6
CFFI,53.587
IAA,53.54
DNLI,53.53
VMBS,53.52
PBH,53.505
EVA,53.47
ATLC,53.455
BLDR,53.45
CUBE,53.4
QABA,53.39
CAH,53.35
BANR,53.33
CIT,53.31
GSBC,53.225
SOLN,53.1899
FOCS,53.185
KEX,53.11
BLFS,52.9781
OTEX,52.93
IGOV,52.84
BECN,52.8
HYXF,52.73
SJIV,52.73
VTIP,52.72
ARGO,52.62
GXTG,52.54
TX,52.54
BK,52.5
NEO,52.5
SAL,52.5
AEPPZ,52.43
AGR,52.43
AB,52.39
IEP,52.355
KSS,52.32
AZZ,52.31
SLF,52.23
KNX,52.21
LYFT,52.21
BCE,52.2
FIZZ,52.14
TRTN,52.13
CASH,52.12
WB,52.1
NFG,52.0999
LSXMB,52.098
CRH,52.05
ADRE,52.0
OM,51.985
APAM,51.98
DCO,51.94
XOG,51.94
INDY,51.83
ELAT,51.8
SLQD,51.8
STN,51.76
WRK,51.68
FCVT,51.62
AMC,51.5513
GM,51.42
LKQ,51.31
CIBR,51.2764
AIRC,51.27
ISTB,51.27
SAH,51.23
OZON,51.23
PCH,51.23
BBIO,51.2
GBCI,51.19
RAMP,51.18
MDC,51.17
STFC,51.12
GKOS,51.06
AGYS,51.05
EAT,51.05
CBT,50.98
EXC,50.98
BJK,50.975
UEIC,50.97
DTP,50.96
ADGI,50.95
BRC,50.95
ACC,50.94
DRE,50.925
FINX,50.9
DCT,50.9
FL,50.8
QCRH,50.79
CACG,50.76
TDC,50.76
SFST,50.75
LMBS,50.73
LAWS,50.73
WASH,50.67
GOLF,50.63
POR,50.61
RNEM,50.58
CUTR,50.5
SRC,50.5
GDOT,50.45
FBC,50.4431
HTHT,50.3507
CCCC,50.35
SNP,50.28
G,50.26
GNMA,50.25
AQNU,50.25
NYT,50.23
FDIV,50.1
SGH,50.075
FYT,50.02
AEPPL,50.0
VSAT,49.92
VCYT,49.9
INGN,49.89
AI,49.87
FWONK,49.87
ACLS,49.82
REGI,49.81
PNM,49.8
EPR,49.77
TRP,49.76
HURN,49.7
NFTY,49.64
RDFN,49.63
RBCAA,49.595
CG,49.55
ACA,49.53
WBS,49.47
RRBI,49.465
TSE,49.44
OLN,49.3799
WBA,49.3794
MO,49.34
SYF,49.33
FDTS,49.31
AA,49.2441
VEC,49.2
IHC,49.125
ECPG,49.11
RDVY,49.1
UVV,49.1
NWN,49.1
HLF,49.09
BME,49.089
OMAB,49.08
JKS,49.0684
TENB,49.06
LUV,48.958
HYFM,48.91
UCYB,48.8988
PHM,48.88
IFFT,48.88
SENEA,48.835
SZC,48.75
SKYU,48.75
NP,48.75
SNY,48.64
RCKY,48.62
HYLS,48.52
LSXMA,48.51
GLPI,48.48
ON,48.46
QTRX,48.43
TPX,48.41
VSEC,48.39
HZO,48.36
ACCD,48.35
NRC,48.3271
SAIL,48.32
VER,48.3
LAZ,48.27
RCI,48.25
DTM,48.23
WTRG,48.17
PRTC,48.1674
AVNT,48.16
CSGS,48.155
ABCB,48.15
SGRY,48.14
TPB,48.1
LSXMK,48.08
FTSL,48.04
FEUZ,48.04
TUSA,48.0384
MMP,48.02
ECHO,48.0
AXS,47.97
UTL,47.93
PTR,47.91
VCRA,47.86
XP,47.86
CHCT,47.84
UPWK,47.82
GMS,47.72
BLCN,47.7178
AGO,47.7
PRG,47.69
DXJS,47.68
LEG,47.63
EQRR,47.63
XM,47.625
FV,47.61
UCTT,47.588
CF,47.58
MRVI,47.52
CFX,47.515
INTG,47.5
VBFC,47.5
IRDM,47.39
SENEB,47.31
AMCX,47.26
FNF,47.23
HTLF,47.19
PHG,47.16
YORW,47.15
IGF,47.1
FTDR,47.09
MRCY,47.09
RUN,47.0313
ATNI,47.03
BHF,47.02
WERN,47.0
SQSP,47.0
SAVA,47.0
EXPI,46.9999
STEP,46.995
PPD,46.99
NUS,46.94
WFC,46.94
IRM,46.94
DISCB,46.93
STM,46.9
TAP,46.9
CEVA,46.87
AGZD,46.86
CALX,46.85
PRGO,46.85
FORR,46.79
SKX,46.71
HGV,46.68
AX,46.51
TEX,46.5
RGNX,46.46
ASO,46.45
CIL,46.4
PGJ,46.4
BIG,46.4
ABM,46.38
NNN,46.3659
IPKW,46.35
CHMG,46.31
BALY,46.29
FTS,46.27
AGIO,46.25
SKYW,46.23
EVTC,46.21
B,46.2099
ASPN,46.19
PTGX,46.11
CAKE,46.095
PRGS,46.045
IDT,46.0402
PD,46.02
FLYW,46.01
CAC,46.0
ESNT,45.96
CNXN,45.96
GLSI,45.95
PFGC,45.93
SRCE,45.885
SAGE,45.87
KRUS,45.82
CLFD,45.78
IBA,45.68
QQQA,45.561
DKL,45.55
FWONA,45.55
CSV,45.53
TTE,45.52
PSC,45.47
SOR,45.39
FEMS,45.39
ICHR,45.34
NSSC,45.315
TRGP,45.3
FUN,45.26
PFE,45.26
WPM,45.24
UGI,45.21
FNK,45.2
EMXF,45.14
ATHM,45.13
GDRX,45.11
DGRS,45.09
FSLY,45.07
BFS,45.07
PFIS,45.05
VSDA,45.04
FKU,45.03
BSX,45.0086
KB,45.0
GAM,44.96
UAL,44.93
IESC,44.92
RRR,44.9
SCHN,44.875
AGX,44.82
CENT,44.8
OPY,44.79
FFIN,44.65
VIACA,44.6
MILN,44.5638
NRG,44.54
DISH,44.5
FEP,44.5
TCMD,44.48
VVI,44.4799
EFSC,44.475
BCEI,44.46
TMX,44.46
FIGS,44.46
GMAB,44.44
HIW,44.43
SFBC,44.43
SLP,44.42
YOU,44.4
WSFS,44.4
NVST,44.38
HWC,44.37
CFG,44.32
JOE,44.2856
VRNT,44.08
SMBC,44.05
BWA,44.05
STNE,43.982
CPB,43.975
CMCO,43.94
CNA,43.87
JHG,43.81
LEGR,43.81
AVTR,43.77
KL,43.71
SILC,43.7
GBX,43.69
HSII,43.66
GDEN,43.625
PDCE,43.6
CAMT,43.51
PFX,43.48
CTVA,43.46
MEI,43.45
PIO,43.3547
MLI,43.29
CASS,43.29
CRC,43.29
ESGE,43.2
SHYF,43.15
SASR,43.1
KR,43.08
FTCH,43.04
CDK,43.03
KF,43.02
FCAP,42.9999
BBU,42.96
HRL,42.88
BOOM,42.87
HI,42.83
PY,42.8
TA,42.7399
EPAY,42.72
FDNI,42.71
TSP,42.699
ODP,42.69
NATI,42.69
BEPC,42.6
NEOG,42.56
PACW,42.47
NTNX,42.4
EWJE,42.39
HALO,42.37
FBK,42.36
SRRK,42.31
RUSHA,42.28
KEN,42.26
VSTO,42.2
MGM,42.19
APOG,42.17
SMP,42.17
PRAA,42.1
FIBK,42.1
LPRO,42.02
STAG,41.99
PUK,41.95
PIZ,41.9307
SEER,41.9
PTCT,41.85
KBH,41.83
AJRD,41.8
RUSHB,41.8
SIX,41.8
MDP,41.75
KRA,41.71
USMC,41.66
VNO,41.61
AIRR,41.6
BSTZ,41.54
SC,41.5
OZK,41.46
MAIN,41.42
HE,41.33
WMG,41.32
BAC,41.31
COOP,41.28
FC,41.24
BKU,41.14
AVA,41.1
ANIK,41.1
RDS.A,41.035
IBOC,41.02
CLR,41.0127
HOOD,41.0
BCYC,40.98
AMH,40.935
MGP,40.91
MLHR,40.86
SBR,40.84
SNV,40.83
INVH,40.82
YLDE,40.801
RDS.B,40.8
NOAH,40.8
TCBK,40.7
ALTA,40.69
OBNK,40.62
FBNC,40.6
TPR,40.59
SLGN,40.58
INOV,40.57
JHX,40.56
CENTA,40.55
EIG,40.52
IMOS,40.52
AIRT,40.4672
OFIX,40.46
NRIM,40.45
ENB,40.43
CYBE,40.4
FRME,40.365
CATY,40.36
CTBI,40.33
SANM,40.3291
LORL,40.32
ICVX,40.295
USLB,40.294
MMI,40.26
VIAC,40.25
ACGL,40.24
BTO,40.21
DAL,40.18
HMN,40.15
SPR,40.13
CHT,40.12
KBR,40.11
UBER,40.1
HCM,40.09
MIC,40.025
RPRX,40.0
PRO,39.98
FITB,39.97
NCR,39.97
GVA,39.95
FBMS,39.94
BMTC,39.91
THFF,39.9
GSK,39.845
SHOO,39.84
PINC,39.82
LVS,39.81
THS,39.785
CWH,39.76
MEOH,39.76
AAT,39.74
FORM,39.62
AL,39.59
FMBH,39.535
FSS,39.5
BEP,39.49
MVBF,39.4499
NIO,39.4
XPEV,39.4
BKE,39.39
CHNA,39.3729
PFF,39.365
LEGN,39.36
HLAL,39.32
GOOS,39.279
BCAB,39.24
NUVL,39.22
GLW,39.13
PTSI,39.1
VSMV,39.07
BOTZ,39.045
ZUMZ,39.03
PPBI,39.0198
SII,39.0
CUBI,38.98
AZEK,38.97
MDWT,38.97
ADNT,38.94
PMTS,38.9199
ENR,38.885
EPC,38.87
PLOW,38.83
EHTH,38.8109
BJRI,38.81
LUNG,38.73
GIL,38.73
HAYN,38.73
ONEW,38.6783
DWUS,38.65
AVT,38.51
ATGE,38.46
BWMX,38.4412
VMEO,38.43
SNSR,38.41
NGMS,38.36
HMST,38.325
IUSS,38.31
AQUA,38.29
WLDN,38.29
BASE,38.23
ROL,38.22
CSIQ,38.1999
HAIN,38.155
COUR,38.1
APR,38.04
CUZ,38.04
IUS,38.0003
VABK,37.95
FE,37.94
HOG,37.92
SMLP,37.83
ADPT,37.79
USXF,37.78
AY,37.74
SQLV,37.74
INS,37.67
WLFC,37.65
TBIO,37.64
TIGO,37.58
GFL,37.57
RAPT,37.5
STRT,37.48
ASIX,37.46
SBSI,37.45
PLW,37.4115
MBIN,37.41
RLAY,37.4
HLG,37.4
PFM,37.39
ARTNA,37.37
SMCI,37.35
NOVA,37.34
DWCR,37.34
SUN,37.3199
KMT,37.3
LVHD,37.3
IPG,37.29
MARA,37.27
CPSI,37.27
BTI,37.26
AC,37.26
FROG,37.2
GABC,37.191
JEF,37.19
SNN,37.18
YELP,37.1531
LIVE,37.14
TPIC,37.1
RDWR,37.08
CERE,37.08
HBCP,37.05
ABB,37.04
BZ,37.04
NBTB,37.03
GPRE,37.0
MASS,37.0
UNFI,37.0
CERT,36.99
MODN,36.98
FMS,36.95
RYN,36.95
NKSH,36.94
TWN,36.92
CRTO,36.91
GRC,36.91
VPG,36.9
IONS,36.88
DLX,36.87
NRIX,36.85
KHC,36.845
DWAW,36.8414
HRMY,36.83
DMTK,36.8
KAMN,36.78
FOXA,36.78
ALSN,36.78
VNT,36.78
DXC,36.76
WHD,36.74
SONO,36.73
NJR,36.72
QURE,36.68
DWMC,36.66
OMI,36.625
GIGE,36.56
JAMF,36.55
ACV,36.5228
FLS,36.52
CPE,36.4532
PSN,36.45
HNI,36.45
FVC,36.43
TRIP,36.425
PSXP,36.39
ALCO,36.3829
FICS,36.37
INTA,36.36
RMBL,36.35
PLAY,36.28
NBHC,36.19
TCI,36.19
ECOL,36.185
AROW,36.1759
RCKT,36.14
CVGW,36.0899
SFIX,36.07
DXGE,36.07
CALM,36.07
ANF,36.0582
BICK,36.055
VBTX,36.05
TIXT,36.0425
OBT,35.9899
UPLD,35.96
PDS,35.94
BRP,35.89
IIIN,35.88
HWKN,35.84
SWM,35.82
COWN,35.79
CRCT,35.75
RFL,35.69
ABTX,35.69
BMRC,35.68
GTS,35.66
CMBM,35.66
SMPL,35.64
COLD,35.635
DV,35.62
VNE,35.59
IRMD,35.58
PEAK,35.57
GIC,35.55
AVNW,35.54
SCSC,35.53
CSII,35.49
DMRC,35.4106
MLR,35.4
FCX,35.37
LZ,35.37
KDP,35.36
SSTI,35.33
OGE,35.32
AUBN,35.3198
SEM,35.28
ODC,35.2
MP,35.2
CNQ,35.16
CIZ,35.1422
SCR,35.14
INBX,35.135
FDMT,35.13
STOR,35.11
VALU,35.08
FTXD,35.05
DFIN,35.03
ICBK,35.0
ARNC,35.0
MAYS,34.99
FPA,34.92
COHU,34.86
CSML,34.81
FRG,34.8
WY,34.77
AUB,34.75
JRVR,34.75
TCFC,34.74
COMT,34.7333
RMR,34.7
BLI,34.64
HERD,34.625
LRN,34.62
PHAT,34.56
TWOU,34.51
OLO,34.5
QQQJ,34.48
TY,34.46
ZYME,34.4461
CLRG,34.4
ALGM,34.3984
PUI,34.35
APLS,34.34
SCHL,34.34
COLB,34.31
HVT,34.205
MTEX,34.19
FEMB,34.18
ROAD,34.18
SCVL,34.17
STK,34.17
HVT.A,34.16
VCTR,34.16
FLXS,34.15
PRLD,34.08
UBSI,34.06
QQQN,34.03
VTOL,34.0
CLW,34.0
LZB,33.91
ITCI,33.91
LTC,33.91
FOX,33.9
WWW,33.89
OGN,33.88
DAX,33.87
MDLA,33.87
ETO,33.8
RCUS,33.8
GLUE,33.76
RNST,33.75
YMAB,33.74
SPQQ,33.6805
GNTY,33.68
HEES,33.675
TLS,33.67
ELAN,33.62
XNCR,33.61
SMTI,33.6
SHLS,33.59
USFD,33.58
CEFA,33.569
CAG,33.55
DEI,33.55
ASET,33.5373
SHG,33.4748
EBET,33.47
RYAN,33.43
CYTK,33.43
DWPP,33.42
AIR,33.41
CMPS,33.41
BRBR,33.4
NVT,33.39
ANGL,33.38
FYBR,33.31
INT,33.31
MYGN,33.29
KTH,33.27
PNTG,33.27
WAFD,33.25
PGC,33.22
HEWG,33.2
DCPH,33.15
FCA,33.14
ARMK,33.14
DCOM,33.13
FSBW,33.11
NTGR,33.1
MATW,33.1
JBK,33.1
OHI,33.09
HURC,33.075
VTRN,33.06
RNLC,33.06
REPL,33.03
PWSC,33.0
BOMN,33.0
ENVA,32.97
CBZ,32.96
QYLG,32.96
MT,32.95
CIR,32.93
TGH,32.93
MOS,32.86
FPXE,32.851
KOP,32.85
KC,32.82
GCBC,32.8
CID,32.705
KRMA,32.69
OLD,32.64
IMCR,32.64
PDEV,32.62
KROS,32.615
HTH,32.58
CRS,32.57
AGL,32.53
UNB,32.5
ACIW,32.49
NTB,32.47
KARO,32.47
AMOT,32.45
HWM,32.45
KTN,32.3933
CIB,32.39
SNCY,32.33
AVNS,32.3
VVV,32.29
SUM,32.26
EBTC,32.24
BUG,32.24
NBN,32.2
AMNB,32.16
URBN,32.16
MOV,32.13
ZEAL,32.11
RMAX,32.09
AUDC,32.09
FHI,32.07
PLBC,32.05
MSB,32.05
SPLP,32.0199
FRAF,32.0
PDCO,32.0
NOTV,31.99
CARG,31.99
IDLB,31.99
CNNE,31.97
BEN,31.95
FTXO,31.9262
USM,31.91
CC,31.86
EQBK,31.84
TMDX,31.815
WSBC,31.81
UBOH,31.81
TSEM,31.8
EBIZ,31.8
VAL,31.8
GNTX,31.8
QQC,31.76
SHLD,31.75
MAXR,31.69
SP,31.69
CCD,31.66
CTS,31.65
AIQ,31.62
NMM,31.62
PBA,31.58
WKME,31.57
RPTX,31.54
DDIV,31.535
FTXR,31.52
ESEA,31.5
TRST,31.45
API,31.4
EPRT,31.38
HMC,31.345
ISDX,31.32
BTAI,31.3
BXMT,31.3
DBX,31.29
UFO,31.29
CWEN,31.27
FLWS,31.27
PEBO,31.14
HFC,31.13
JANX,31.12
DDD,31.07
JOET,31.06
ALKS,31.015
INFR,31.0001
RDVT,31.0
CHUY,30.99
CSX,30.96
CHSCP,30.96
TGTX,30.94
CSU,30.92
CNCR,30.912
MDU,30.91
OLP,30.91
SKYT,30.9096
DRVN,30.89
BLNK,30.8818
IBBJ,30.88
QQD,30.86
EDRY,30.8588
SMCP,30.82
RVMD,30.82
FDP,30.81
ACI,30.8
ELF,30.78
CAE,30.74
ZTO,30.72
HTA,30.705
CMC,30.69
SBCF,30.67
NVTA,30.67
VALN,30.67
MGNI,30.67
BFIT,30.66
AEL,30.595
PYCR,30.5697
TRMK,30.55
THRY,30.54
RELX,30.5357
NIE,30.51
HEAR,30.5
GTY,30.5
MBWM,30.5
HR,30.49
LI,30.45
SRV,30.4
FALN,30.37
TRS,30.35
TR,30.35
RIOT,30.33
ITMR,30.32
SGHT,30.315
CLOU,30.31
OLK,30.305
AGNG,30.3
VICI,30.275
STRS,30.27
FCBC,30.26
TMCI,30.25
BPRN,30.23
OVV,30.23
ISEM,30.22
CPNG,30.2
ALBO,30.1999
PFC,30.19
MTDR,30.18
QQQX,30.1776
CHSCL,30.17
EQH,30.16
IPSC,30.15
HERO,30.113
CODI,30.11
LC,30.04
IPI,30.04
IFGL,30.0
NYXH,30.0
TRHC,29.99
VLYPP,29.98
JBGS,29.9786
CRSR,29.97
FAAR,29.94
CRBU,29.9396
ESGRP,29.9
ANDE,29.88
NEWT,29.87
MD,29.86
HSTM,29.855
CALT,29.76
MTBCP,29.73
PPL,29.7
PHI,29.69
NCSM,29.67
REIT,29.66
CCB,29.65
EWJV,29.64
SHEN,29.63
RNDV,29.6202
WTBA,29.62
FISI,29.61
MOFG,29.61
CWEN.A,29.58
TOWN,29.58
BGS,29.57
TCOM,29.57
PACK,29.57
DGRE,29.5415
LBTYB,29.54
PECO,29.52
MYTE,29.51
GDYN,29.5
BWFG,29.4839
LBTYK,29.475
NFE,29.4557
WSC,29.45
CGEM,29.42
FTHM,29.41
AMKR,29.385
IMGO,29.385
FTAG,29.37
GIII,29.34
BHC,29.34
CHSCO,29.31
AXTA,29.3
DFP,29.3
INBK,29.3
SPNS,29.3
DVN,29.287
NTG,29.26
PACB,29.23
PSF,29.1999
PMVP,29.19
SDVY,29.1878
DVOL,29.175
CLB,29.16
RNMC,29.1553
WTFCP,29.06
PBCTP,29.04
SJR,29.02
UCBI,29.02
AOSL,29.0004
VREX,29.0
PUBM,28.9861
POLY,28.96
BEEM,28.95
BXS,28.95
GWB,28.89
REZI,28.865
LBTYA,28.855
AXSM,28.85
CNOB,28.85
FMBIP,28.84
PNFPP,28.83
FEM,28.82
OCN,28.82
ZNH,28.79
SEMR,28.7775
FITBI,28.77
DEMZ,28.76
SKM,28.76
CEE,28.7522
MPLX,28.75
HWCPZ,28.73
RZB,28.73
CEQP,28.7
DXPE,28.7
UTF,28.69
GBIO,28.665
WF,28.66
VAPO,28.6599
CHSCN,28.65
VERA,28.65
FMBIO,28.64
CHSCM,28.64
DRIV,28.63
RDNT,28.62
HTLFP,28.61
BHFAO,28.58
HCCI,28.54
BMEZ,28.535
WTFCM,28.5267
SLB,28.49
LEVL,28.4899
IMRX,28.4768
PETQ,28.47
HPQ,28.47
OVBC,28.469
WSBCP,28.46
TRN,28.44
ELY,28.435
OLMA,28.42
ANIP,28.42
PEBK,28.41
BPOPN,28.41
AFGD,28.41
AVIR,28.3881
JNPR,28.38
AADI,28.37
TSBK,28.36
STBA,28.36
PRVA,28.35
NE,28.32
SNUG,28.3
BANFP,28.25
EVT,28.25
OCFCP,28.25
NYMTP,28.24
DCP,28.21
ZIONO,28.2
RNP,28.2
PLTK,28.2
BHE,28.19
SFNC,28.18
REYN,28.17
RNSC,28.16
AUBAP,28.13
PPC,28.12
NKTX,28.11
ALRS,28.1
UCBIO,28.1
ITOS,28.08
MRBK,28.07
SUSC,28.07
GRWG,28.07
BKCH,28.05
TBKCP,28.05
FUBO,28.0323
COWNL,28.03
SAR,28.0241
SCU,28.015
CSSEP,28.0
INSM,28.0
WHLRL,28.0
HOFT,28.0
LTRPB,28.0
GBT,27.99
MQ,27.98
RBNC,27.95
CCNEP,27.95
AQNB,27.92
AQNA,27.92
CHEF,27.91
FNLC,27.91
HP,27.9
LBRDP,27.8999
MGR,27.88
GBL,27.86
IIF,27.86
ZIONL,27.85
UZD,27.82
RXRX,27.8
AIO,27.8
IKNX,27.8
PETS,27.79
TANNI,27.7804
ACNB,27.775
NIU,27.76
LASR,27.75
HTBI,27.735
RVNC,27.72
WCBR,27.72
NTRSO,27.72
ADCT,27.72
TBI,27.68
FCNCP,27.64
EBIX,27.62
FBIZ,27.615
T,27.61
RILYL,27.605
CNM,27.6
BHFAP,27.59
SBGI,27.59
AMTI,27.59
CGNT,27.57
PXI,27.57
PRS,27.57
ANGO,27.57
OFC,27.56
LARK,27.55
SIVBP,27.55
CEIX,27.54
CHN,27.53
AFGB,27.53
ATUS,27.52
DWEQ,27.52
CLAR,27.5
WBND,27.49
MNSBP,27.47
SOXQ,27.47
OXY,27.46
ESQ,27.46
CUBB,27.45
NTP,27.45
BYRN,27.44
TBC,27.44
MGNX,27.43
ESGRO,27.43
NRUC,27.4279
BNL,27.41
LDP,27.41
MBNKP,27.4
SFB,27.4
EMCF,27.3999
HUN,27.39
GBLI,27.39
FRGAP,27.38
BHFAL,27.38
GOODN,27.3732
CTKB,27.3699
ENBA,27.35
AIZN,27.3301
FCPT,27.329
BPOPM,27.325
TYG,27.32
SUPN,27.32
DAPP,27.305
BATRA,27.3
AFGE,27.2904
WSTG,27.29
JWN,27.29
ALKT,27.27
CMSD,27.26
RLMD,27.25
AFGC,27.25
LEVLP,27.25
FULTP,27.24
PDI,27.24
MBINP,27.23
FULC,27.2257
XENT,27.22
CMSC,27.217
AFINP,27.2125
NTCT,27.2
JELD,27.2
MRUS,27.18
UNMA,27.1699
BSIG,27.16
SREA,27.1493
OPINL,27.14
RILYP,27.1299
CEM,27.1086
DISCA,27.1
ECOM,27.1
SPBC,27.09
METCL,27.08
GOODO,27.05
STVN,27.05
SRAD,27.03
TMHC,27.03
CSWC,27.01
AEO,26.99
IBBQ,26.9874
PCVX,26.98
DUKB,26.98
AAN,26.97
LGBT,26.96
RCB,26.95
HCXY,26.93
BAK,26.93
ZIP,26.93
FITBP,26.92
XOMAP,26.92
HESM,26.91
BATRK,26.91
INBKZ,26.9
AFINO,26.8999
BUI,26.88
FITBO,26.87
AEFC,26.87
FHB,26.86
BBN,26.85
PKOH,26.85
GDV,26.85
CMSA,26.8289
EDR,26.79
RING,26.79
DDT,26.78
AMK,26.78
RXDX,26.77
STAR,26.77
IDYA,26.7627
MYFW,26.75
TKNO,26.75
RSKD,26.74
PSTG,26.74
LRFC,26.74
HPP,26.74
XOMAO,26.7337
UZE,26.72
AMTB,26.72
HCSG,26.71
MPB,26.71
SJIJ,26.71
HQH,26.7067
PLTR,26.7
TVE,26.7
POWWP,26.7
MBINN,26.6916
SOJD,26.69
WAFDP,26.69
RCA,26.68
NLOK,26.68
ECCW,26.67
WGRO,26.67
LEVI,26.66
NOMD,26.66
FGBIP,26.65
ATCOL,26.65
EVH,26.64
IIIV,26.64
TECK,26.63
CSSEN,26.62
ATSG,26.61
TANNZ,26.61
SOJC,26.6
TITN,26.595
UZF,26.5802
ATTO,26.58
AJXA,26.58
QVCD,26.57
UVSP,26.57
APEI,26.56
NGM,26.56
BHFAN,26.55
BWBBP,26.55
MGRB,26.55
TCBIO,26.55
TSCBP,26.5499
ECOW,26.51
CMCTP,26.5
TANNL,26.5
CGABL,26.499
UNM,26.48
ILPT,26.47
HGH,26.46
PAY,26.4332
CTDD,26.41
BGFV,26.4099
NC,26.3999
KKRS,26.39
TSCAP,26.3899
BSMS,26.3854
HBANP,26.37
SKIN,26.36
EH,26.36
SWCH,26.36
CNP,26.35
WINC,26.35
BSDE,26.34
TBB,26.34
RILYN,26.325
VRM,26.32
PAAS,26.31
CLDB,26.29
MBINO,26.29
ITRN,26.2872
SHI,26.27
BSCE,26.269
IPLDP,26.2602
HSBC,26.26
HBANM,26.2576
DUKH,26.25
NYMTN,26.25
KNBE,26.25
HTIA,26.25
GPJA,26.2495
PRIM,26.24
DTB,26.24
BTT,26.23
RZA,26.22
AGNCN,26.22
BSMT,26.22
SBNYP,26.21
HROWL,26.1999
CNOBP,26.19
EQC,26.18
TVC,26.17
GBLIL,26.17
ACGLO,26.16
VIASP,26.15
OXLCL,26.1499
AGNCO,26.14
QVCC,26.13
DTW,26.12
PFH,26.1124
BSMP,26.11
GAINN,26.1
SIGIP,26.09
GSLD,26.0728
AGNCM,26.072
RVI,26.07
SUSB,26.07
OPI,26.065
FCRX,26.065
SAK,26.05
ANAB,26.045
SOJE,26.04
SATS,26.03
DCOMP,26.03
BSMQ,26.0216
AKRO,26.02
E,26.0
RGC,26.0
RCC,26.0
RILYM,26.0
HTFB,25.99
ACGLN,25.99
NYMTM,25.9772
LANDM,25.97
ARGD,25.97
CBTX,25.96
DISCK,25.96
NEWTZ,25.95
CDXS,25.92
AVID,25.92
RILYI,25.92
NTST,25.91
FPF,25.9
EFTR,25.9
VLYPO,25.9
RDIB,25.9
BSMR,25.89
BIPH,25.88
BSMO,25.88
BSJQ,25.87
IHYF,25.86
WALA,25.85
RILYT,25.85
RILYO,25.85
POSH,25.83
AOUT,25.83
RILYK,25.83
COFS,25.8217
GAINZ,25.81
TPTA,25.8
BWSN,25.7995
ECCC,25.7988
KE,25.79
IBTF,25.78
HNDL,25.775
BAMH,25.77
IBTG,25.77
FTXH,25.77
BEPH,25.75
IBTE,25.75
PIE,25.75
IBTI,25.7451
TFSA,25.73
BSBE,25.73
BSJR,25.7299
IBTH,25.72
BSJS,25.7153
AGNCP,25.71
QCLR,25.7
WLKP,25.7
LANDO,25.6904
BSA,25.69
STOK,25.69
PTA,25.6881
JPI,25.68
BSMU,25.68
FCEF,25.679
BSMN,25.6707
PDEX,25.665
IBTD,25.66
PLUG,25.66
ECCY,25.65
DALI,25.65
MLNK,25.64
AUVIP,25.6225
FBIOP,25.62
OPCH,25.62
CTBB,25.6195
FDUSG,25.61
IBTJ,25.61
FDUSZ,25.6
X,25.6
JSM,25.588
ENO,25.58
MCFT,25.58
AMSWA,25.58
WRE,25.57
IVZ,25.56
OXSQZ,25.55
XOMA,25.55
OXLCP,25.55
NYMTL,25.54
BAMI,25.5
ONEM,25.5
EMP,25.4959
MSON,25.49
DTY,25.48
HBANN,25.47
BSJN,25.4684
SMBK,25.465
ASRVP,25.46
ECCX,25.46
NWFL,25.4573
PBC,25.455
OXSQL,25.45
ENJ,25.45
SHC,25.45
EML,25.4499
ARD,25.44
NCLH,25.44
BSMM,25.44
ECCB,25.4395
IBTB,25.43
TDA,25.43
NWPX,25.43
SANA,25.43
MINDP,25.4201
OXLCM,25.41
LMRKN,25.4012
BP,25.4
ZEUS,25.4
OXSQG,25.3999
PING,25.395
CMTL,25.39
NEWTL,25.38
LMRKP,25.38
GECCO,25.3782
TBNK,25.36
ORIC,25.36
GECCN,25.36
OCCIP,25.36
SOJB,25.36
IBTA,25.3576
PKO,25.35
WHFBZ,25.35
PNNTG,25.335
CPTAG,25.32
GLADL,25.31
TVTX,25.31
IBTL,25.3
FFWM,25.3
FGFPP,25.3
ELYM,25.29
FCRW,25.29
EAI,25.2873
AIC,25.28
NSS,25.27
MMYT,25.27
ELC,25.26
BPYPP,25.26
BSML,25.2501
DRQ,25.25
LMRKO,25.24
LNTH,25.24
JMPNZ,25.24
NWL,25.24
MKTYP,25.24
BLMN,25.23
PFXNL,25.23
JPT,25.22
BSJO,25.22
OFSSG,25.22
CRY,25.2153
OFSSI,25.21
GECCM,25.21
ALLO,25.2
FTAI,25.2
CNFRL,25.2
OCCIO,25.19
POWL,25.17
QTR,25.17
GO,25.16
MGRD,25.16
ZIONP,25.1589
AIRTP,25.15
SPCE,25.145
GBAB,25.14
CPTAL,25.12
DAWN,25.12
RILYZ,25.11
LTHM,25.11
VRIG,25.11
CHRB,25.109
OXLCO,25.1053
EVOP,25.1
SNCRL,25.1
BPYPM,25.05
INBKL,25.03
AEB,25.03
WMB,25.03
CDZIP,25.01
CCJ,25.0
AAIN,25.0
SQFTP,25.0
TARS,25.0
ACGLP,24.99
IHRT,24.97
HRB,24.97
ATOM,24.96
DHCNL,24.96
BSAE,24.952
LEE,24.94
STWD,24.921
LE,24.89
NI,24.875
HCC,24.87
BVH,24.86
SAVE,24.86
BPYPO,24.86
SBBA,24.8418
GJP,24.83
MSP,24.82
EMIF,24.8059
CAJ,24.8
NTUS,24.79
ATLCP,24.79
RBB,24.755
BSJP,24.7494
OPRT,24.74
QRMI,24.7399
LQDT,24.7299
GHRS,24.7257
BHLB,24.72
SGFY,24.665
PRA,24.655
BKR,24.65
EOS,24.63
CRNX,24.63
KRON,24.63
PCPC.U,24.6
DHCNI,24.58
EPAC,24.52
EWCZ,24.515
CEY,24.509
GPS,24.5
SBLK,24.5
AMTBB,24.49
ALEC,24.46
PLBY,24.44
SGC,24.43
CZNC,24.42
AHCO,24.41
CCNE,24.4066
MSBI,24.4
PYT,24.4
LAZY,24.4
CLVT,24.38
MGU,24.38
RYI,24.3799
HTD,24.3546
UMH,24.34
FTXG,24.3
PCPC,24.27
VIRT,24.265
VTEX,24.26
THQ,24.26
GSL,24.26
CSSE,24.25
ETD,24.25
FA,24.24
BBBY,24.225
EGHT,24.22
FMTX,24.209
HFWA,24.19
CTR,24.1899
RFM,24.18
ATC,24.18
TLK,24.16
TBBK,24.16
RAYS,24.15
AES,24.14
GCP,24.11
FLC,24.1
SMMF,24.08
BYSI,24.0781
VRT,24.07
PWOD,24.07
RNA,24.03
CNO,24.03
IFV,24.02
MHNC,24.0
TROX,24.0
LAC,23.99
GJR,23.99
UIS,23.96
GNOM,23.95
CPF,23.94
PRPL,23.9187
GFED,23.9
ALVR,23.89
HCDIP,23.88
FTGC,23.87
IBTK,23.87
IRNT,23.85
SJI,23.85
FSBC,23.83
RMI,23.82
UFCS,23.815
RMBS,23.81
PTMN,23.81
XONE,23.805
TTP,23.8
ORI,23.7937
KBWY,23.78
FATBP,23.7764
STXB,23.759
FRTA,23.74
CHX,23.73
BSRR,23.72
KTOS,23.71
OFED,23.7
ACBI,23.69
ARCE,23.684
OUT,23.68
NAVI,23.66
TNYA,23.66
IFN,23.64
CVLG,23.64
BOX,23.63
EQNR,23.63
GFF,23.62
GJO,23.62
WBT,23.6
MTLS,23.6
DVLU,23.591
AGFY,23.58
STRL,23.57
MBCN,23.56
RRGB,23.5597
BRX,23.5
CCL,23.5
CNTB,23.5
KNTE,23.49
FLO,23.49
RGCO,23.4844
NBB,23.44
CONN,23.44
BUSE,23.44
BPYPN,23.4362
HMNF,23.43
PLYM,23.41
BY,23.4
SSYS,23.4
ATLO,23.4
BSJM,23.33
KRT,23.33
OFG,23.31
FMAO,23.29
TUP,23.28
COOK,23.2592
TU,23.25
PYS,23.25
BSCS,23.2405
TVTY,23.23
CBFV,23.215
LESL,23.17
INFY,23.14
SFM,23.12
ICLN,23.1199
HYDR,23.1
IOVA,23.09
STEM,23.08
QYLD,23.08
AGTI,23.07
ORRF,23.05
CVEO,23.05
SPFI,23.04
MNSB,23.03
NAPA,23.02
FFC,23.02
NNOX,23.0198
BSJL,23.01
TUR,23.0
GRBK,23.0
CPS,22.98
KROP,22.98
UNVR,22.98
ALEX,22.925
HWBK,22.92
TGLS,22.89
MYOV,22.89
SIBN,22.89
RPAY,22.88
AVTE,22.87
CIVB,22.87
IGI,22.87
VHI,22.86
DDL,22.8592
CCBG,22.85
PDFS,22.84
AFYA,22.8
MDRRP,22.8
FFBC,22.79
QFIN,22.78
FSK,22.78
VECO,22.78
RANI,22.77
LAND,22.76
PAHC,22.74
UNTY,22.72
WEYS,22.69
SOHU,22.67
SBOW,22.66
CLF,22.66
SLN,22.65
RDN,22.65
STL,22.63
PFS,22.62
IMNM,22.61
EOT,22.5936
EPD,22.59
MTOR,22.56
IAS,22.555
ETX,22.55
IROQ,22.54
WOOF,22.54
WEN,22.51
GGM,22.5
NMIH,22.45
PSNL,22.45
SNDR,22.45
TPH,22.445
PEB,22.44
SPWR,22.44
ETG,22.41
DAN,22.41
HVBC,22.4
AZRE,22.4
SGA,22.38
MMD,22.38
GES,22.35
GOOD,22.35
BSCP,22.33
HYZD,22.3199
FFIC,22.29
BFST,22.28
MTW,22.28
MHLA,22.27
TSLX,22.27
MRLN,22.25
CAL,22.25
RNLX,22.25
ACH,22.24
NWSA,22.24
CBNK,22.23
NX,22.215
IFS,22.19
BSCO,22.19
GRPN,22.18
DGII,22.17
EBMT,22.1699
RA,22.13
HPF,22.09
BSCR,22.09
KIM,22.065
WW,22.05
CNTA,22.03
HNGR,22.01
UAA,22.01
CTRE,22.0
HQL,22.0
SMWB,21.99
INSI,21.98
RICE.U,21.98
BANX,21.98
MCFE,21.96
CHNG,21.96
IDBA,21.94
GNOG,21.93
VLGEA,21.93
ERAS,21.925
EVRI,21.91
IGT,21.91
EVER,21.905
DRNA,21.89
DADA,21.8799
DSPG,21.87
WU,21.87
ESI,21.865
AUPH,21.86
FCCY,21.83
CHPT,21.815
WILC,21.8128
LAKE,21.8
CELC,21.8
CVLY,21.79
EMO,21.77
HPI,21.75
BSCN,21.72
LGI,21.69
ERII,21.69
CSTR,21.69
BCAT,21.68
QS,21.68
KW,21.67
BZUN,21.67
OPOF,21.65
NWS,21.64
PCI,21.62
BSCQ,21.61
OOMA,21.6
RFMZ,21.6
JMIA,21.59
FTHI,21.57
BSCM,21.57
SM,21.56
LXFR,21.55
GENI,21.54
MUR,21.5
RMM,21.49
IIN,21.47
KREF,21.46
GOF,21.46
GTN,21.46
CUK,21.46
ISTR,21.45
SOLY,21.45
PRAX,21.45
HOMB,21.45
CII,21.45
BSCT,21.44
VSH,21.42
PDO,21.415
GNK,21.4
VERI,21.3999
MCEF,21.39
CDR,21.37
VLRS,21.37
CADE,21.35
GJS,21.34
MAX,21.34
UFI,21.34
FFA,21.28
ARQT,21.27
SCWX,21.26
VBF,21.25
SWBI,21.24
HOLI,21.24
AFCG,21.23
GF,21.23
JLS,21.2274
ONTF,21.21
FTLB,21.19
PKBK,21.165
ASB,21.155
CVET,21.15
M,21.1499
OMP,21.12
NREF,21.12
BSCL,21.1
PLSE,21.1
CCRN,21.0645
MYE,21.05
DEA,21.05
SPRX,21.04
SPTN,21.04
CAF,21.03
MITK,21.02
MPW,21.01
ASGI,21.0
PVAC,21.0
KALV,21.0
VNET,21.0
ABCM,20.995
RPID,20.99
ESCA,20.99
ULH,20.98
CORT,20.97
BE,20.97
AKR,20.96
XRX,20.955
RCM,20.95
KEY,20.935
ANNX,20.93
DYFN,20.93
FXNC,20.925
FOE,20.92
OSPN,20.915
CVCY,20.9
TSHA,20.9
SRI,20.89
CIXX,20.88
NRP,20.87
MGIC,20.8434
OCFC,20.82
PGTI,20.815
ETNB,20.805
ASA,20.8
GPX,20.77
FTHY,20.75
TTM,20.75
HAL,20.74
MAT,20.74
KRG,20.74
TRMR,20.73
ORMP,20.72
APG,20.7
BKSC,20.7
EAR,20.7
BSVN,20.69
KBWD,20.69
INST,20.69
AZUL,20.67
CURV,20.67
BMA,20.67
HNP,20.66
OMGA,20.655
GJT,20.65
BSAC,20.64
RUBY,20.635
CSTM,20.63
CPZ,20.6
ADX,20.589
MOLN,20.58
KSPN,20.5721
HAYW,20.56
XPER,20.55
APA,20.5302
KIRK,20.5
HA,20.49
EXEL,20.485
IBCP,20.46
TS,20.46
CFBK,20.45
PDBC,20.445
WOW,20.445
NLSN,20.44
MIO,20.4309
COLL,20.41
FOR,20.41
STTK,20.395
VIVO,20.39
KELYB,20.3797
STRO,20.34
BNR,20.34
STLA,20.32
LDSF,20.3
KURA,20.27
IRT,20.27
EQT,20.25
CYT,20.22
NPCE,20.215
NDP,20.21
KELYA,20.21
PEY,20.21
WES,20.2
GLP,20.1899
WHG,20.1862
TTCF,20.18
EUFN,20.18
WSBF,20.16
RUTH,20.15
PCB,20.12
CVA,20.12
ARCC,20.12
MNTV,20.1
FLIC,20.06
WDI,20.05
SNPO,20.05
TBLD,20.05
ACVA,20.04
MCBS,20.025
RF,20.01
INVE,20.0
CDMO,19.96
CEA,19.95
SRRA,19.94
DLY,19.9299
PMT,19.92
VZIO,19.92
FET,19.92
DFH,19.91
GPK,19.89
TDS,19.88
RNDB,19.87
BSCU,19.87
AVO,19.87
ADTN,19.85
DBL,19.84
GOLD,19.8199
GWRS,19.8
SSBK,19.8
SLRC,19.8
INMB,19.8
GRPH,19.79
QAT,19.79
BLBD,19.785
BRT,19.77
PSTH,19.76
CTEC,19.7587
RSF,19.75
PERI,19.75
LCID,19.74
UMPQ,19.74
BCH,19.72
NBXG,19.7178
FCCO,19.67
FVCB,19.66
VRS,19.65
HCKT,19.63
PK,19.62
TSC,19.62
MFC,19.61
OPNT,19.61
MNRL,19.58
VNOM,19.56
LL,19.55
ERO,19.55
AAL,19.52
GTN.A,19.52
CAPL,19.5
EBSB,19.48
NTCO,19.45
AVYA,19.42
UBA,19.41
KN,19.41
VERX,19.39
PTY,19.37
IBN,19.365
NPCT,19.36
TRC,19.35
SNDX,19.35
BIGZ,19.34
HQI,19.33
FLN,19.33
MTTR,19.32
SU,19.32
AVK,19.31
EOI,19.28
HBMD,19.28
TFSL,19.25
ARRY,19.25
FLEX,19.23
BIT,19.21
GSBD,19.205
CCAP,19.2
COG,19.2
CVBF,19.17
BSET,19.17
PLRX,19.14
SCPL,19.12
SUMO,19.105
HBI,19.1
CXP,19.095
FEYE,19.09
RCEL,19.08
CCU,19.08
SDHY,19.07
MNR,19.07
AMOV,19.07
KEJI,19.0699
UTZ,19.06
RICE,19.05
OCDX,19.04
UA,19.04
HPS,19.03
QNST,19.02
AMX,19.0
WBK,18.9867
PRTG,18.97
MEC,18.97
JHI,18.95
PAM,18.94
PSTL,18.9318
PHVS,18.9298
KOSS,18.9
BEKE,18.9
PCQ,18.9
HOWL,18.88
ALHC,18.88
SPRO,18.88
CLPT,18.88
EBF,18.8272
RRC,18.82
PRCH,18.78
EDOC,18.78
EBC,18.755
FGBI,18.74
LEGH,18.73
SPRT,18.73
MCW,18.69
VST,18.68
GDO,18.667
CVRX,18.64
MPAA,18.64
PFHD,18.63
TGI,18.62
EFC,18.61
TDF,18.6
TCRR,18.6
OSCR,18.6
MIRM,18.5999
AMPH,18.59
FNKO,18.58
IBEX,18.58
CSQ,18.56
HEP,18.53
BTU,18.51
TIL,18.5011
BCML,18.5
HFBL,18.5
CWK,18.5
FINS,18.49
RVT,18.46
BZH,18.45
AOMR,18.45
BLUE,18.42
GRUB,18.42
BKN,18.4185
NEGG,18.4159
SWIM,18.41
FUNC,18.41
NODK,18.4
OTLY,18.39
MAXN,18.38
KNOP,18.36
DOC,18.35
SRLP,18.3486
CNK,18.325
AVXL,18.3133
FID,18.3
OEC,18.3
LMRK,18.3
VALE,18.28
ABR,18.2723
ASAI,18.26
UE,18.25
CXM,18.245
HAFC,18.24
SLM,18.2
EVCM,18.2
EB,18.19
CDAK,18.19
SBFG,18.1755
PCN,18.17
SWKH,18.17
TDUP,18.17
ACRS,18.1663
PINE,18.16
RIV,18.15
CLGN,18.14
PID,18.1274
RAD,18.12
FMBI,18.1
DNMR,18.0999
MX,18.09
NXR,18.06
BHV,18.06
MANU,18.04
GRIN,18.0335
DSL,18.025
SA,18.02
CSAN,18.02
INSW,18.0
CIZN,18.0
SOPH,18.0
TCBS,18.0
XENE,18.0
EMF,17.99
SPXX,17.9607
VPN,17.96
ABCL,17.96
BBW,17.95
CBAN,17.94
DDI,17.8751
NVG,17.87
BRDG,17.85
VITL,17.845
DNB,17.82
FNWB,17.82
CLBK,17.82
ROIC,17.82
MAC,17.79
PLXP,17.78
PCOM,17.776
OVLY,17.77
PCSB,17.73
LCUT,17.73
ATI,17.72
DX,17.71
DK,17.69
RADI,17.69
SPWH,17.69
WFRD,17.68
FDUS,17.67
IMXI,17.67
PFBI,17.643
LMPX,17.63
REVG,17.56
HSC,17.56
SHBI,17.55
CALB,17.51
XHR,17.51
RLGY,17.49
VINC,17.48
HBNC,17.47
LMST,17.4501
SBTX,17.45
RAND,17.45
RFI,17.4381
TGNA,17.42
LOCO,17.42
TRIL,17.42
BLW,17.42
DIAX,17.4
BANC,17.39
JCE,17.38
OPEN,17.375
NETI,17.37
EWZS,17.3694
EWTX,17.35
OTRKP,17.35
PDM,17.33
AMAM,17.33
NTIC,17.31
PRMW,17.31
LAUR,17.3
SKT,17.29
NZF,17.28
SOHON,17.26
SWI,17.25
BGH,17.2499
FONR,17.24
GTES,17.23
RKT,17.215
FTXN,17.2101
IIM,17.2
PRTS,17.2
PAX,17.19
APVO,17.19
EIC,17.19
THW,17.15
PROV,17.145
MLVF,17.1408
ICCH,17.14
CLI,17.14
PXSAP,17.14
DMLP,17.1126
NUW,17.11
RAIN,17.09
AQWA,17.07
CURO,17.05
PDT,17.03
ALT,16.99
HOVNP,16.99
RKLB,16.97
BHK,16.97
HUMA,16.95
TAK,16.95
WHLRD,16.95
NXP,16.94
LCNB,16.935
BIS,16.93
NPV,16.91
NAII,16.9099
TGP,16.9
AXR,16.89
VOR,16.8899
AXGN,16.88
HRZN,16.88
OB,16.87
VEI,16.87
MHD,16.865
PAI,16.86
UBS,16.855
BOLT,16.83
ESSA,16.819
PCTTU,16.81
KIO,16.8
CPHC,16.8
ZUO,16.8
CIO,16.795
GNL,16.79
LAZR,16.79
HTGC,16.78
ERJ,16.78
HST,16.78
NATR,16.7757
SMID,16.77
STNG,16.76
TRIN,16.75
JILL,16.75
AR,16.75
BLX,16.75
SSL,16.74
NKTR,16.73
DSGN,16.7146
HSON,16.71
IMAX,16.695
NKX,16.69
ATER,16.68
OWL,16.67
ARDC,16.66
LBAI,16.66
VTRU,16.66
ISD,16.66
SSP,16.66
VEDL,16.64
ABOS,16.62
VNDA,16.62
JTD,16.61
NFBK,16.61
SBH,16.61
ETB,16.6
NUO,16.5975
NEV,16.59
MQY,16.58
MGY,16.58
MDIV,16.579
ISEE,16.5717
CHB,16.56
KAR,16.56
ETV,16.56
RNRG,16.54
ALACU,16.5
FLR,16.5
FLNG,16.5
ENVX,16.5
BSL,16.489
GT,16.485
VOD,16.47
UBP,16.47
ZENV,16.4699
CMRE,16.46
CGO,16.45
ACAD,16.45
MCS,16.43
SBRA,16.43
BLND,16.41
CHY,16.408
DYN,16.4
NAD,16.3999
CNHI,16.395
MUA,16.39
CATO,16.39
NXC,16.38
SSBI,16.38
NDMO,16.3609
NMS,16.36
RGT,16.3598
DENN,16.35
YMM,16.345
HTLD,16.31
GTH,16.3
CHRS,16.3
JGH,16.29
HBB,16.28
SSRM,16.2799
SOHOB,16.27
KMI,16.25
RSI,16.25
MCA,16.25
FFNW,16.25
IMPL,16.23
PBCT,16.21
VIAV,16.21
GGZ,16.205
BLDP,16.195
RQI,16.1728
CNR,16.17
MYJ,16.17
CARV,16.1699
JHS,16.1683
DSEY,16.15
SOHOO,16.15
OMER,16.14
AGNC,16.13
MUJ,16.13
JRI,16.125
SNLN,16.125
BCRX,16.12
BWB,16.12
FSD,16.12
PFD,16.12
MNP,16.11
THR,16.11
GHY,16.1
ALGS,16.1
NAC,16.1
AERI,16.1
TNGX,16.09
ACR,16.08
ONB,16.08
CCXI,16.07
TWNK,16.07
PBHC,16.06
MUC,16.0583
ATRA,16.05
LFST,16.05
LYEL,16.04
ALLT,16.03
NOM,16.03
VACC,16.0
SPNE,16.0
MCI,16.0
HYI,15.99
NTZ,15.98
SITC,15.96
MRTN,15.95
SLCT,15.95
EFAS,15.95
CLDR,15.94
ATAI,15.94
MVT,15.9378
ATCO,15.93
MPA,15.93
NEA,15.93
BV,15.91
AIF,15.9
BLE,15.9
MUI,15.895
BYM,15.89
URGN,15.89
NS,15.89
DMO,15.88
AFT,15.88
MWA,15.875
SPE,15.87
DMB,15.86
AU,15.84
MXF,15.83
NAZ,15.8295
WHF,15.82
NMCO,15.82
PGZ,15.8
PARR,15.8
GAN,15.8
ARKR,15.79
XBIT,15.7897
ORGO,15.7808
BFK,15.76
DNUT,15.75
SWIR,15.74
MIY,15.74
SUNS,15.73
NXJ,15.72
FSTR,15.7
PVBC,15.69
LMNR,15.69
ACRE,15.69
ADAG,15.68
GMRE,15.6741
CHI,15.67
FHN,15.67
BTZ,15.64
WVFC,15.63
SAMG,15.62
AHT,15.595
AQN,15.59
NXQ,15.58
BCOR,15.58
MXCT,15.55
VG,15.54
FMN,15.54
RMBI,15.51
NOA,15.5
EFT,15.5
HBAN,15.49
NFJ,15.48
TPST,15.47
SRG,15.46
NXGN,15.46
RGP,15.46
ARQQ,15.4561
HSDT,15.45
USAC,15.45
FULT,15.44
VRRM,15.44
BCSF,15.43
TRQ,15.42
GBDC,15.42
FST.U,15.42
IPWR,15.41
APLE,15.4
JSD,15.4
HBT,15.37
